{
  "_id": "6007a1b2bf3c733ae214abc3",
  "CPU": {
    "0": {
      "Freq": 3909,
      "Temp": 36,
      "Usage": 7.552083,
      "V": 0
    },
    "1": {
      "Freq": 3909,
      "Temp": 36,
      "Usage": 12.5,
      "V": 0
    },
    "2": {
      "Freq": 3909,
      "Temp": 36,
      "Usage": 14.0625,
      "V": 0
    },
    "3": {
      "Freq": 3909,
      "Temp": 33,
      "Usage": 4.6875,
      "V": 0
    },
    "4": {
      "Freq": 3909,
      "Temp": 34,
      "Usage": 4.6875,
      "V": 1.147461
    },
    "5": {
      "Freq": 3909,
      "Temp": 35,
      "Usage": 6.25,
      "V": 1.213867
    },
    "FanRPM": 1061,
    "Freq": 3909,
    "Usage": 7.552083
  },
  "Dev": "Device00001",
  "EAPI": {},
  "Ext": {},
  "MEM": {
    "memUsed": 11744051,
    "temp": 28
  },
  "Storage": [
    {
      "Health": 92.300003,
      "Index": 0,
      "PECycle": 3000,
      "SN": "20170701AA0000000001",
      "iAnalyzer": {
        "Enable": 2,
        "RR": {
          "0": 38,
          "1": 39141783,
          "2": 22038819,
          "3": 39070434,
          "4": 153019716,
          "5": 138300788,
          "6": 1340731880
        },
        "RRC": 1732303458,
        "RW": {
          "0": 1,
          "1": 58835113,
          "2": 8234536,
          "3": 7554269,
          "4": 36574936,
          "5": 22149945,
          "6": 164801185
        },
        "RWC": 298149985,
        "SR": {
          "0": 60,
          "1": 363262046,
          "2": 87978928,
          "3": 64652733,
          "4": 91914695,
          "5": 22334795,
          "6": 108339264
        },
        "SRC": 738482521,
        "SW": {
          "0": 0,
          "1": 271390047,
          "2": 10219568,
          "3": 3231580,
          "4": 2493337,
          "5": 1159139,
          "6": 11041383
        },
        "SWC": 299535054
      },
      "smart": {
        "12": 58,
        "167": 231,
        "194": 40,
        "9": 9868
      }
    },
    {
      "Health": 99,
      "Index": 1,
      "PECycle": 3000,
      "SN": "20170701AA0000000001",
      "iAnalyzer": {
        "Enable": 2,
        "RR": {
          "0": 38,
          "1": 39141783,
          "2": 22038819,
          "3": 39070434,
          "4": 153019716,
          "5": 138300788,
          "6": 1340731880
        },
        "RRC": 1732303458,
        "RW": {
          "0": 1,
          "1": 58835113,
          "2": 8234536,
          "3": 7554269,
          "4": 36574936,
          "5": 22149945,
          "6": 164801185
        },
        "RWC": 298149985,
        "SR": {
          "0": 60,
          "1": 363262046,
          "2": 87978928,
          "3": 64652733,
          "4": 91914695,
          "5": 22334795,
          "6": 108339264
        },
        "SRC": 738482521,
        "SW": {
          "0": 0,
          "1": 271390047,
          "2": 10219568,
          "3": 3231580,
          "4": 2493337,
          "5": 1159139,
          "6": 11041383
        },
        "SWC": 299535054
      },
      "smart": {
        "12": 58,
        "167": 231,
        "194": 40,
        "9": 9868
      }
    }
  ],
  "mbProbe": {},
  "time": 1611112882,
  "date": "2021-01-20T03:21:22.367Z"
}